{
  "ExtendedData": {
    "inputs": [
      "http://teste.avg.com.br:8088/sap/bc/srt/wsdl/flv_10002A111AD1/srvc_url/sap/bc/srt/rfc/sap/z_aprovacao_worflow_via_app/500/z_aprovacao_worflow_via_app/zaprovacaowfviaapp?sap-client=500"
    ],
    "collectionTypes": [
      "System.Array",
      "System.Collections.Generic.Dictionary`2"
    ],
    "messageContract": true,
    "namespaceMappings": [
      "*, ServicoIntegracaoSAP"
    ],
    "references": [
      "C:\\Projetos\\Spark\\Projetos\\Avg\\Src\\AVG.APIIntegracao\\AVG.APIIntegracao\\bin\\Debug\\net6.0\\API.Integracao.Constantes.dll",
      "C:\\Projetos\\Spark\\Projetos\\Avg\\Src\\AVG.APIIntegracao\\AVG.APIIntegracao\\bin\\Debug\\net6.0\\API.Integracao.DTO.dll",
      "C:\\Projetos\\Spark\\Projetos\\Avg\\Src\\AVG.APIIntegracao\\AVG.APIIntegracao\\bin\\Debug\\net6.0\\API.Integracao.Enumeradores.dll",
      "C:\\Projetos\\Spark\\Projetos\\Avg\\Src\\AVG.APIIntegracao\\AVG.APIIntegracao\\bin\\Debug\\net6.0\\API.Integracao.LogSistema.dll",
      "Microsoft.AspNetCore.Http, {Microsoft.AspNetCore.Http, 2.2.2}",
      "Microsoft.AspNetCore.Http.Abstractions, {Microsoft.AspNetCore.Http.Abstractions, 2.2.0}",
      "Microsoft.AspNetCore.Http.Features, {Microsoft.AspNetCore.Http.Features, 2.2.0}",
      "Microsoft.AspNetCore.WebUtilities, {Microsoft.AspNetCore.WebUtilities, 2.2.0}",
      "Microsoft.Extensions.Configuration, {Microsoft.Extensions.Configuration, 2.0.0}",
      "Microsoft.Extensions.Configuration.Abstractions, {Microsoft.Extensions.Configuration.Abstractions, 3.1.8}",
      "Microsoft.Extensions.Configuration.Binder, {Microsoft.Extensions.Configuration.Binder, 2.0.0}",
      "Microsoft.Extensions.DependencyInjection, {Microsoft.Extensions.DependencyInjection, 5.0.0}",
      "Microsoft.Extensions.DependencyInjection.Abstractions, {Microsoft.Extensions.DependencyInjection.Abstractions, 5.0.0}",
      "Microsoft.Extensions.DependencyModel, {Microsoft.Extensions.DependencyModel, 3.0.0}",
      "Microsoft.Extensions.FileProviders.Abstractions, {Microsoft.Extensions.FileProviders.Abstractions, 3.1.8}",
      "Microsoft.Extensions.Hosting.Abstractions, {Microsoft.Extensions.Hosting.Abstractions, 3.1.8}",
      "Microsoft.Extensions.Logging, {Microsoft.Extensions.Logging, 5.0.0}",
      "Microsoft.Extensions.Logging.Abstractions, {Microsoft.Extensions.Logging.Abstractions, 5.0.0}",
      "Microsoft.Extensions.ObjectPool, {Microsoft.Extensions.ObjectPool, 2.2.0}",
      "Microsoft.Extensions.Options, {Microsoft.Extensions.Options, 5.0.0}",
      "Microsoft.Extensions.Options.ConfigurationExtensions, {Microsoft.Extensions.Options.ConfigurationExtensions, 2.0.0}",
      "Microsoft.Extensions.Primitives, {Microsoft.Extensions.Primitives, 5.0.0}",
      "Microsoft.IdentityModel.Logging, {Microsoft.IdentityModel.Logging, 6.8.0}",
      "Microsoft.IdentityModel.Protocols.WsTrust, {Microsoft.IdentityModel.Protocols.WsTrust, 6.8.0}",
      "Microsoft.IdentityModel.Tokens, {Microsoft.IdentityModel.Tokens, 6.8.0}",
      "Microsoft.IdentityModel.Tokens.Saml, {Microsoft.IdentityModel.Tokens.Saml, 6.8.0}",
      "Microsoft.IdentityModel.Xml, {Microsoft.IdentityModel.Xml, 6.8.0}",
      "Microsoft.Net.Http.Headers, {Microsoft.Net.Http.Headers, 2.2.0}",
      "Microsoft.OpenApi, {Microsoft.OpenApi, 1.2.3}",
      "Newtonsoft.Json, {Newtonsoft.Json, 13.0.1}",
      "Serilog, {Serilog, 2.11.0}",
      "Serilog.AspNetCore, {Serilog.AspNetCore, 5.0.0}",
      "Serilog.Enrichers.CorrelationId, {Serilog.Enrichers.CorrelationId, 3.0.1}",
      "Serilog.Exceptions, {Serilog.Exceptions, 8.3.0}",
      "Serilog.Extensions.Hosting, {Serilog.Extensions.Hosting, 4.2.0}",
      "Serilog.Extensions.Logging, {Serilog.Extensions.Logging, 3.1.0}",
      "Serilog.Formatting.Compact, {Serilog.Formatting.Compact, 1.1.0}",
      "Serilog.Settings.Configuration, {Serilog.Settings.Configuration, 3.3.0}",
      "Serilog.Sinks.Async, {Serilog.Sinks.Async, 1.5.0}",
      "Serilog.Sinks.Console, {Serilog.Sinks.Console, 4.0.1}",
      "Serilog.Sinks.Debug, {Serilog.Sinks.Debug, 2.0.0}",
      "Serilog.Sinks.File, {Serilog.Sinks.File, 5.0.0}",
      "Serilog.Sinks.RollingFile, {Serilog.Sinks.RollingFile, 3.3.0}",
      "Swashbuckle.AspNetCore.Swagger, {Swashbuckle.AspNetCore.Swagger, 6.2.3}",
      "Swashbuckle.AspNetCore.SwaggerGen, {Swashbuckle.AspNetCore.SwaggerGen, 6.2.3}",
      "Swashbuckle.AspNetCore.SwaggerUI, {Swashbuckle.AspNetCore.SwaggerUI, 6.2.3}",
      "System.IO, {System.IO, 4.3.0}",
      "System.IO.FileSystem.Primitives, {System.IO.FileSystem.Primitives, 4.3.0}",
      "System.Reflection, {System.Reflection, 4.3.0}",
      "System.Reflection.DispatchProxy, {System.Reflection.DispatchProxy, 4.7.1}",
      "System.Reflection.Primitives, {System.Reflection.Primitives, 4.3.0}",
      "System.Runtime, {System.Runtime, 4.3.0}",
      "System.Runtime.Handles, {System.Runtime.Handles, 4.3.0}",
      "System.Runtime.InteropServices, {System.Runtime.InteropServices, 4.3.0}",
      "System.Security.AccessControl, {System.Security.AccessControl, 4.7.0}",
      "System.Security.Cryptography.Cng, {System.Security.Cryptography.Cng, 4.7.0}",
      "System.Security.Cryptography.Xml, {System.Security.Cryptography.Xml, 4.7.0}",
      "System.Security.Permissions, {System.Security.Permissions, 4.7.0}",
      "System.Security.Principal.Windows, {System.Security.Principal.Windows, 4.7.0}",
      "System.ServiceModel, {System.ServiceModel.Primitives, 4.8.1}",
      "System.ServiceModel.Duplex, {System.ServiceModel.Duplex, 4.8.1}",
      "System.ServiceModel.Federation, {System.ServiceModel.Federation, 4.8.1}",
      "System.ServiceModel.Http, {System.ServiceModel.Http, 4.8.1}",
      "System.ServiceModel.NetTcp, {System.ServiceModel.NetTcp, 4.8.1}",
      "System.ServiceModel.Primitives, {System.ServiceModel.Primitives, 4.8.1}",
      "System.ServiceModel.Security, {System.ServiceModel.Security, 4.8.1}",
      "System.Text.Encoding, {System.Text.Encoding, 4.3.0}",
      "System.Text.Encoding.Extensions, {System.Text.Encoding.Extensions, 4.3.0}",
      "System.Text.Encodings.Web, {System.Text.Encodings.Web, 4.5.0}",
      "System.Text.Json, {System.Text.Json, 4.6.0}",
      "System.Threading.Tasks, {System.Threading.Tasks, 4.3.0}",
      "System.Windows.Extensions, {System.Windows.Extensions, 4.7.0}",
      "System.Xml.ReaderWriter, {System.Xml.ReaderWriter, 4.3.0}",
      "System.Xml.XmlDocument, {System.Xml.XmlDocument, 4.3.0}"
    ],
    "targetFramework": "net6.0",
    "typeReuseMode": "All"
  }
}